{
    "reserved": false,
    "directionallight": {
        "direction": [-0.669884, 0.10788, -0.734587],
        "background": {
            "enable": true,
            "diffuse": [0.909804, 0.94902, 0.976471, 1.0],
            "ambient": [0.54902, 0.611765, 0.631373, 1.0]
        },
        "character": {
            "enable": true,
            "diffuse": [0.909804, 0.94902, 0.976471, 1.0],
            "ambient": [0.69902, 0.761765, 0.781373, 1.0]
        }
    },
    "material": {
        "diffuse": [0.913725, 0.937255, 0.92549, 1.0],
        "ambient": [0.619608, 0.666667, 0.631373, 1.0],
        "emissive": [0.392157, 0.392157, 0.392157, 1.0]
    },
    "fog": {
        "foglevel": 7,
        "color": [0.313726, 0.403922, 0.192157, 1.0]
    },
    "filter": {
        "enable": true,
        "color": [0.254902, 0.211765, 0.156863, 0.0],
        "alphasrc": 1,
        "alphadest": 2
    },
    "skybox": {
        "gradient": [
            [0.0, 0.156863, 1.0, 0.0, 0.0, 0.501961, 1.0, 0.0],
            [0.007843, 0.023529, 0.431373, 0.0, 0.0, 0.180392, 1.0, 0.0],
            [0.0, 0.219608, 0.964706, 0.0, 0.380392, 0.701961, 0.501961, 0.0],
            [0.380392, 0.701961, 0.501961, 0.0, 0.992157, 1.0, 0.0, 0.0]
        ],
        "btexturerendermode": false,
        "scale": [3500.0, 3500.0, 3500.0],
        "gradientlevelupper": 3,
        "gradientlevellower": 1,
        "frontfacefilename": "D:/ymir work/environment/skybox/CapeDragonHead_f.dds",
        "backfacefilename": "D:/ymir work/environment/skybox/CapeDragonHead_b.dds",
        "leftfacefilename": "D:/ymir work/environment/skybox/CapeDragonHead_l.dds",
        "rightfacefilename": "D:/ymir work/environment/skybox/CapeDragonHead_r.dds",
        "topfacefilename": "D:/ymir work/environment/skybox/CapeDragonHead_t.dds",
        "bottomfacefilename": "",
        "cloudscale": [5000.0, 5000.0],
        "cloudheight": 100.0,
        "cloudtexturescale": [3.0, 3.0],
        "cloudspeed": [0.08, 0.08],
        "cloudtexturefilename": "D:/ymir work/environment/clouds_zone08.TGA",
        "cloudcolor": [0.0, 0.0, 0.0, 0.0, 0.0, 0.0, 0.0, 0.0]
    },
    "lensflare": {
        "enable": true,
        "brightnesscolor": [1.0, 0.886275, 0.886275, 1.0],
        "maxbrightness": 0.74,
        "mainflareenable": true,
        "mainflaretexturefilename": "D:/Ymir Work/environment/sunflare.dds",
        "mainflaresize": 0.35
    }
}