{
    "reserved": false,
    "directionallight": {
        "direction": [0.596551, 0.28178, -0.751483],
        "background": {
            "enable": true,
            "diffuse": [0.819608, 0.831373, 0.992157, 1.0],
            "ambient": [0.14902, 0.14902, 0.309804, 1.0]
        },
        "character": {
            "enable": true,
            "diffuse": [0.819608, 0.831373, 0.992157, 1.0],
            "ambient": [0.29902, 0.29902, 0.459804, 1.0]
        }
    },
    "material": {
        "diffuse": [1.0, 0.984314, 0.984314, 1.0],
        "ambient": [0.819608, 0.831373, 0.992157, 1.0],
        "emissive": [0.592157, 0.6, 0.901961, 1.0]
    },
    "fog": {
        "color": [0.596078, 0.611765, 0.811765, 1.0]
    },
    "filter": {
        "enable": false,
        "color": [0.164706, 0.058824, 0.058824, 0.0],
        "alphasrc": 1,
        "alphadest": 2
    },
    "skybox": {
        "gradient": [
            [0.094118, 0.003922, 0.227451, 0.0, 0.176471, 0.031373, 0.384314, 0.0],
            [0.180392, 0.035294, 0.388235, 0.0, 0.207843, 0.086275, 0.388235, 0.0],
            [0.203922, 0.086275, 0.384314, 0.0, 0.329412, 0.34902, 0.584314, 0.0],
            [0.329412, 0.34902, 0.584314, 0.0, 0.596078, 0.611765, 0.811765, 0.0],
            [0.596078, 0.611765, 0.811765, 0.0, 0.596078, 0.611765, 0.811765, 0.0],
            [0.596078, 0.611765, 0.811765, 0.0, 0.094118, 0.0, 0.239216, 0.0]
        ],
        "scale": [3500.0, 3500.0, 3500.0],
        "gradientlevelupper": 5,
        "gradientlevellower": 1,
        "cloudscale": [200000.0, 200000.0],
        "cloudheight": 30000.0,
        "cloudtexturescale": [5.0, 5.0],
        "cloudspeed": [0.01, 0.01],
        "cloudtexturefilename": "d:/ymir work/environment/clouds_zone01.tga",
        "cloudcolor": [0.0, 0.0, 0.0, 0.0, 0.0, 0.0, 0.0, 0.0]
    },
    "lensflare": {
        "enable": true,
        "brightnesscolor": [1.0, 0.886275, 0.886275, 1.0],
        "maxbrightness": 0.74,
        "mainflareenable": true,
        "mainflaretexturefilename": "D:/Ymir Work/environment/sunflare.dds",
        "mainflaresize": 0.35
    }
}