{
    "reserved": false,
    "directionallight": {
        "direction": [0.350156, 0.562609, -0.748907],
        "background": {
            "enable": true,
            "diffuse": [1.0, 0.972549, 0.972549, 1.0],
            "ambient": [0.047059, 0.086275, 0.066667, 1.0]
        },
        "character": {
            "enable": true,
            "diffuse": [1.0, 0.972549, 0.972549, 1.0],
            "ambient": [0.197059, 0.236275, 0.216667, 1.0]
        }
    },
    "material": {
        "diffuse": [1.0, 1.0, 1.0, 1.0],
        "ambient": [0.882353, 0.854902, 0.784314, 1.0],
        "emissive": [0.156863, 0.164706, 0.164706, 1.0]
    },
    "fog": {
        "foglevel": 2,
        "color": [0.360784, 0.431373, 0.392157, 1.0]
    },
    "filter": {
        "enable": false,
        "color": [0.556863, 0.329412, 0.329412, 0.0],
        "alphasrc": 1,
        "alphadest": 2
    },
    "skybox": {
        "gradient": [
            [0.027451, 0.164706, 0.180392, 0.0, 0.027451, 0.164706, 0.180392, 0.0],
            [0.027451, 0.164706, 0.180392, 0.0, 0.086275, 0.25098, 0.270588, 0.0],
            [0.086275, 0.25098, 0.270588, 0.0, 0.403922, 0.54902, 0.545098, 0.0],
            [0.403922, 0.54902, 0.545098, 0.0, 0.603922, 0.713726, 0.654902, 0.0],
            [0.603922, 0.713726, 0.654902, 0.0, 0.247059, 0.32549, 0.25098, 0.0]
        ],
        "scale": [3500.0, 3500.0, 3500.0],
        "gradientlevelupper": 4,
        "gradientlevellower": 1,
        "cloudscale": [200000.0, 200000.0],
        "cloudheight": 30000.0,
        "cloudtexturescale": [4.0, 4.0],
        "cloudspeed": [0.004, 0.004],
        "cloudtexturefilename": "d:/ymir work/environment/clouds_zone01.tga",
        "cloudcolor": [0.0, 0.0, 0.0, 0.0, 0.0, 0.0, 0.0, 0.0]
    },
    "lensflare": {
        "enable": true,
        "brightnesscolor": [1.0, 0.886275, 0.886275, 1.0],
        "maxbrightness": 0.74,
        "mainflareenable": true,
        "mainflaretexturefilename": "D:/Ymir Work/environment/sunflare.dds",
        "mainflaresize": 0.35
    }
}