{
    "reserved": false,
    "directionallight": {
        "direction": [0.5, 0.5, -0.5],
        "background": {
            "enable": true,
            "diffuse": [1.0, 1.0, 1.0, 1.0],
            "ambient": [0.247059, 0.313726, 0.309804, 1.0]
        },
        "character": {
            "enable": true,
            "diffuse": [1.0, 1.0, 1.0, 1.0],
            "ambient": [0.397059, 0.463726, 0.459804, 1.0]
        }
    },
    "material": {
        "diffuse": [1.0, 1.0, 1.0, 1.0],
        "ambient": [0.803922, 0.686275, 0.576471, 1.0],
        "emissive": [0.054902, 0.0, 0.0, 1.0]
    },
    "fog": {
        "foglevel": 5,
        "color": [0.54902, 0.466667, 0.380392, 1.0]
    },
    "filter": {
        "enable": true,
        "color": [0.0, 0.0, 0.0, 0.0],
        "alphasrc": 1,
        "alphadest": 2
    },
    "skybox": {
        "gradient": [
            [0.172549, 0.101961, 0.031373, 0.0, 0.262745, 0.164706, 0.066667, 0.0],
            [0.262745, 0.164706, 0.066667, 0.0, 0.333333, 0.227451, 0.117647, 0.0],
            [0.333333, 0.227451, 0.117647, 0.0, 0.584314, 0.443137, 0.298039, 0.0],
            [0.584314, 0.443137, 0.298039, 0.0, 0.776471, 0.701961, 0.627451, 0.0],
            [0.776471, 0.701961, 0.627451, 0.0, 0.396078, 0.2, 0.184314, 0.0]
        ],
        "scale": [3500.0, 3500.0, 3500.0],
        "gradientlevelupper": 4,
        "gradientlevellower": 1,
        "cloudscale": [200000.0, 200000.0],
        "cloudheight": 30000.0,
        "cloudtexturescale": [4.0, 4.0],
        "cloudspeed": [0.01, 0.01],
        "cloudtexturefilename": "d:/ymir work/environment/clouds_zone01.tga",
        "cloudcolor": [0.772549, 0.156863, 0.039216, 0.0, 1.0, 0.372549, 0.0, 0.0]
    },
    "lensflare": {
        "enable": true,
        "brightnesscolor": [1.0, 0.886275, 0.886275, 1.0],
        "maxbrightness": 0.74,
        "mainflareenable": true,
        "mainflaretexturefilename": "D:/Ymir Work/environment/sunflare.dds",
        "mainflaresize": 0.35
    }
}