{
    "reserved": false,
    "directionallight": {
        "direction": [0.214282, 0.900026, -0.379521],
        "background": {
            "enable": true,
            "diffuse": [0.964706, 0.819608, 0.819608, 1.0],
            "ambient": [0.219608, 0.239216, 0.27451, 1.0]
        },
        "character": {
            "enable": true,
            "diffuse": [0.964706, 0.819608, 0.819608, 1.0],
            "ambient": [0.369608, 0.389216, 0.42451, 1.0]
        }
    },
    "material": {
        "diffuse": [1.0, 1.0, 1.0, 1.0],
        "ambient": [0.376471, 0.466667, 0.486275, 1.0],
        "emissive": [0.258824, 0.329412, 0.266667, 1.0]
    },
    "fog": {
        "foglevel": 1,
        "color": [0.164706, 0.164706, 0.231373, 1.0]
    },
    "filter": {
        "enable": false,
        "color": [0.294118, 0.094118, 0.094118, 0.0],
        "alphasrc": 2,
        "alphadest": 2
    },
    "skybox": {
        "gradient": [
            [0.294118, 0.313726, 0.286275, 0.0, 0.27451, 0.27451, 0.27451, 0.0],
            [0.231373, 0.231373, 0.231373, 0.0, 0.176471, 0.168627, 0.235294, 0.0],
            [0.176471, 0.168627, 0.235294, 0.0, 0.196078, 0.14902, 0.278431, 0.0]
        ],
        "btexturerendermode": true,
        "scale": [3500.0, 3500.0, 3500.0],
        "gradientlevelupper": 2,
        "gradientlevellower": 1,
        "frontfacefilename": "D:/ymir work/environment/skybox/dawnmistwood-f.dds",
        "backfacefilename": "D:/ymir work/environment/skybox/dawnmistwood-b.dds",
        "leftfacefilename": "D:/ymir work/environment/skybox/dawnmistwood-l.dds",
        "rightfacefilename": "D:/ymir work/environment/skybox/dawnmistwood-r.dds",
        "topfacefilename": "D:/ymir work/environment/skybox/dawnmistwood-t.dds",
        "bottomfacefilename": "",
        "cloudscale": [200000.0, 200000.0],
        "cloudheight": 30000.0,
        "cloudtexturescale": [4.0, 4.0],
        "cloudspeed": [0.001, 0.001],
        "cloudtexturefilename": "D:/ymir work/environment/clouds_zone06.tga",
        "cloudcolor": [0.0, 0.0, 0.0, 0.0, 0.0, 0.0, 0.0, 0.0]
    },
    "lensflare": {
        "enable": true,
        "brightnesscolor": [0.976471, 0.976471, 0.976471, 1.0],
        "maxbrightness": 1.0,
        "mainflareenable": false,
        "mainflaretexturefilename": "",
        "mainflaresize": 0.2
    }
}