{
    "reserved": false,
    "directionallight": {
        "direction": [-0.210052, -0.298942, -0.930866],
        "background": {
            "enable": true,
            "diffuse": [0.537255, 0.556863, 0.603922, 1.0],
            "ambient": [0.14902, 0.176471, 0.2, 1.0]
        },
        "character": {
            "enable": true,
            "diffuse": [0.537255, 0.556863, 0.603922, 1.0],
            "ambient": [0.29902, 0.326471, 0.35, 1.0]
        }
    },
    "material": {
        "diffuse": [0.901961, 0.901961, 0.901961, 1.0],
        "ambient": [0.556863, 0.529412, 0.447059, 1.0],
        "emissive": [0.313726, 0.258824, 0.258824, 1.0]
    },
    "fog": {
        "foglevel": 14,
        "color": [0.152941, 0.164706, 0.247059, 1.0]
    },
    "filter": {
        "enable": false,
        "color": [0.109804, 0.411765, 0.184314, 0.0],
        "alphasrc": 1,
        "alphadest": 2
    },
    "skybox": {
        "gradient": [
            [0.192157, 0.329412, 0.501961, 0.0, 0.192157, 0.329412, 0.501961, 0.0],
            [0.192157, 0.333333, 0.505882, 0.0, 0.239216, 0.411765, 0.772549, 0.0],
            [0.239216, 0.411765, 0.772549, 0.0, 0.262745, 0.270588, 0.380392, 0.0],
            [0.262745, 0.270588, 0.380392, 0.0, 0.262745, 0.270588, 0.380392, 0.0]
        ],
        "btexturerendermode": true,
        "scale": [3500.0, 3500.0, 3500.0],
        "gradientlevelupper": 3,
        "gradientlevellower": 1,
        "frontfacefilename": "D:/ymir work/environment/skybox/dawnmistwood-f.dds",
        "backfacefilename": "D:/ymir work/environment/skybox/dawnmistwood-b.dds",
        "leftfacefilename": "D:/ymir work/environment/skybox/dawnmistwood-l.dds",
        "rightfacefilename": "D:/ymir work/environment/skybox/dawnmistwood-r.dds",
        "topfacefilename": "D:/ymir work/environment/skybox/dawnmistwood-t.dds",
        "bottomfacefilename": "",
        "cloudscale": [200000.0, 200000.0],
        "cloudheight": 30000.0,
        "cloudtexturescale": [4.0, 4.0],
        "cloudspeed": [0.001, 0.001],
        "cloudtexturefilename": "D:/ymir work/environment/clouds_zone06.tga",
        "cloudcolor": [0.0, 0.0, 0.0, 0.0, 0.0, 0.0, 0.0, 0.0]
    },
    "lensflare": {
        "enable": true,
        "brightnesscolor": [0.384314, 0.392157, 0.584314, 1.0],
        "maxbrightness": 0.74,
        "mainflareenable": false,
        "mainflaretexturefilename": "D:/Ymir Work/environment/sunflare.dds",
        "mainflaresize": 0.35
    }
}