{
    "reserved": false,
    "directionallight": {
        "direction": [0.596551, 0.28178, -0.751483],
        "background": {
            "enable": true,
            "diffuse": [1.0, 1.0, 1.0, 1.0],
            "ambient": [0.0, 0.0, 0.0, 1.0]
        },
        "character": {
            "enable": true,
            "diffuse": [1.0, 1.0, 1.0, 1.0],
            "ambient": [0.15, 0.15, 0.15, 1.0]
        }
    },
    "material": {
        "diffuse": [1.0, 0.984314, 0.984314, 1.0],
        "ambient": [0.439216, 0.364706, 0.247059, 1.0],
        "emissive": [0.337255, 0.239216, 0.192157, 1.0]
    },
    "fog": {
        "foglevel": 3,
        "color": [0.67451, 0.611765, 0.521569, 1.0]
    },
    "filter": {
        "enable": false,
        "color": [0.164706, 0.058824, 0.058824, 0.0],
        "alphasrc": 1,
        "alphadest": 2
    },
    "skybox": {
        "gradient": [
            [0.003922, 0.058824, 0.411765, 0.0, 0.058824, 0.109804, 0.501961, 0.0],
            [0.058824, 0.117647, 0.505882, 0.0, 0.094118, 0.247059, 0.533333, 0.0],
            [0.094118, 0.247059, 0.533333, 0.0, 0.094118, 0.376471, 0.533333, 0.0],
            [0.094118, 0.376471, 0.533333, 0.0, 0.486275, 0.588235, 0.611765, 0.0],
            [0.486275, 0.588235, 0.611765, 0.0, 0.709804, 0.513726, 0.294118, 0.0],
            [0.709804, 0.513726, 0.294118, 0.0, 0.709804, 0.513726, 0.294118, 0.0]
        ],
        "scale": [3500.0, 3500.0, 3500.0],
        "gradientlevelupper": 5,
        "gradientlevellower": 1,
        "cloudscale": [200000.0, 200000.0],
        "cloudheight": 30000.0,
        "cloudtexturescale": [5.0, 5.0],
        "cloudspeed": [0.01, 0.01],
        "cloudtexturefilename": "D:/Ymir Work/environment/clouds_zone05.tga",
        "cloudcolor": [0.0, 0.0, 0.0, 0.0, 0.0, 0.0, 0.0, 0.0]
    },
    "lensflare": {
        "enable": true,
        "brightnesscolor": [1.0, 0.886275, 0.886275, 1.0],
        "maxbrightness": 0.74,
        "mainflareenable": true,
        "mainflaretexturefilename": "D:/Ymir Work/environment/sunflare.dds",
        "mainflaresize": 0.35
    }
}