{
    "reserved": false,
    "directionallight": {
        "direction": [-0.666346, 0.083646, -0.740936],
        "background": {
            "enable": true,
            "diffuse": [1.0, 0.972549, 0.972549, 1.0],
            "ambient": [0.247059, 0.239216, 0.239216, 1.0]
        },
        "character": {
            "enable": true,
            "diffuse": [1.0, 0.972549, 0.972549, 1.0],
            "ambient": [0.397059, 0.389216, 0.389216, 1.0]
        }
    },
    "material": {
        "diffuse": [1.0, 1.0, 1.0, 1.0],
        "ambient": [0.537255, 0.764706, 0.839216, 1.0],
        "emissive": [0.258824, 0.258824, 0.364706, 1.0]
    },
    "fog": {
        "foglevel": 8,
        "color": [0.545098, 0.309804, 0.105882, 1.0]
    },
    "filter": {
        "enable": true,
        "color": [0.556863, 0.329412, 0.329412, 0.0],
        "alphasrc": 1,
        "alphadest": 2
    },
    "skybox": {
        "gradient": [
            [0.568627, 0.509804, 0.376471, 0.0, 0.74902, 0.6, 0.266667, 0.0],
            [0.74902, 0.6, 0.266667, 0.0, 0.505882, 0.364706, 0.211765, 0.0],
            [0.505882, 0.364706, 0.211765, 0.0, 0.501961, 0.364706, 0.364706, 0.0],
            [0.501961, 0.364706, 0.364706, 0.0, 0.607843, 0.298039, 0.0, 0.0],
            [0.607843, 0.298039, 0.0, 0.0, 0.427451, 0.211765, 0.101961, 0.0]
        ],
        "btexturerendermode": false,
        "scale": [3500.0, 3500.0, 3500.0],
        "gradientlevelupper": 4,
        "gradientlevellower": 1,
        "frontfacefilename": "D:/Ymir Work/environment/skybox/Thunder_f.dds",
        "backfacefilename": "D:/Ymir Work/environment/skybox/Thunder_b.dds",
        "leftfacefilename": "D:/Ymir Work/environment/skybox/Thunder_l.dds",
        "rightfacefilename": "D:/Ymir Work/environment/skybox/Thunder_r.dds",
        "topfacefilename": "D:/Ymir Work/environment/skybox/Thunder_t.dds",
        "bottomfacefilename": "",
        "cloudscale": [200000.0, 200000.0],
        "cloudheight": 30000.0,
        "cloudtexturescale": [4.0, 4.0],
        "cloudspeed": [0.004, 0.004],
        "cloudtexturefilename": "D:/Ymir Work/environment/clouds_zone05.tga",
        "cloudcolor": [0.552941, 0.498039, 0.498039, 0.0, 1.0, 1.0, 1.0, 0.0]
    },
    "lensflare": {
        "enable": true,
        "brightnesscolor": [0.976471, 0.976471, 0.976471, 1.0],
        "maxbrightness": 0.74,
        "mainflareenable": true,
        "mainflaretexturefilename": "D:/Ymir Work/environment/sunflare.dds",
        "mainflaresize": 0.35
    }
}