{
    "reserved": false,
    "directionallight": {
        "direction": [0.772081, 0.044283, -0.633979],
        "background": {
            "enable": true,
            "diffuse": [0.796078, 0.788235, 0.752941, 1.0],
            "ambient": [0.294118, 0.294118, 0.345098, 1.0]
        },
        "character": {
            "enable": true,
            "diffuse": [0.796078, 0.788235, 0.752941, 1.0],
            "ambient": [0.444118, 0.444118, 0.495098, 1.0]
        }
    },
    "material": {
        "diffuse": [1.0, 1.0, 1.0, 1.0],
        "ambient": [0.552941, 0.552941, 0.552941, 1.0],
        "emissive": [0.215686, 0.231373, 0.27451, 1.0]
    },
    "fog": {
        "foglevel": 2,
        "color": [0.239216, 0.34902, 0.364706, 1.0]
    },
    "filter": {
        "enable": false,
        "color": [0.658824, 0.564706, 0.501961, 0.0],
        "alphasrc": 1,
        "alphadest": 2
    },
    "skybox": {
        "gradient": [
            [0.313726, 0.239216, 0.164706, 0.0, 0.466667, 0.376471, 0.282353, 0.0],
            [0.466667, 0.376471, 0.282353, 0.0, 0.568627, 0.603922, 0.478431, 0.0],
            [0.568627, 0.603922, 0.478431, 0.0, 0.239216, 0.352941, 0.364706, 0.0],
            [0.239216, 0.34902, 0.364706, 0.0, 0.239216, 0.34902, 0.364706, 0.0]
        ],
        "btexturerendermode": false,
        "scale": [3500.0, 3500.0, 3500.0],
        "gradientlevelupper": 3,
        "gradientlevellower": 1,
        "frontfacefilename": "D:/Ymir Work/environment/skybox/Eastplain_f.dds",
        "backfacefilename": "D:/Ymir Work/environment/skybox/Eastplain_b.dds",
        "leftfacefilename": "D:/Ymir Work/environment/skybox/Eastplain_l.dds",
        "rightfacefilename": "D:/Ymir Work/environment/skybox/Eastplain_r.dds",
        "topfacefilename": "D:/Ymir Work/environment/skybox/Eastplain_t.dds",
        "bottomfacefilename": "",
        "cloudscale": [200000.0, 200000.0],
        "cloudheight": 30000.0,
        "cloudtexturescale": [4.0, 4.0],
        "cloudspeed": [0.004, 0.004],
        "cloudtexturefilename": "D:/ymir work/environment/clouds_zone01.tga",
        "cloudcolor": [0.0, 0.0, 0.0, 0.0, 0.0, 0.0, 0.0, 0.0]
    },
    "lensflare": {
        "enable": true,
        "brightnesscolor": [1.0, 0.886275, 0.886275, 1.0],
        "maxbrightness": 0.74,
        "mainflareenable": true,
        "mainflaretexturefilename": "D:/Ymir Work/environment/sunflare.dds",
        "mainflaresize": 0.35
    }
}