{
    "reserved": false,
    "directionallight": {
        "direction": [0.350156, 0.562609, -0.748907],
        "background": {
            "enable": true,
            "diffuse": [1.0, 0.972549, 0.972549, 1.0],
            "ambient": [0.0, 0.0, 0.0, 1.0]
        },
        "character": {
            "enable": true,
            "diffuse": [1.0, 0.972549, 0.972549, 1.0],
            "ambient": [0.15, 0.15, 0.15, 1.0]
        }
    },
    "material": {
        "diffuse": [1.0, 0.835294, 0.643137, 1.0],
        "ambient": [1.0, 0.886275, 0.784314, 1.0],
        "emissive": [0.219608, 0.219608, 0.219608, 1.0]
    },
    "fog": {
        "color": [0.086275, 0.101961, 0.164706, 1.0]
    },
    "filter": {
        "enable": false,
        "color": [0.556863, 0.329412, 0.329412, 0.0],
        "alphasrc": 1,
        "alphadest": 2
    },
    "skybox": {
        "gradient": [
            [0.109804, 0.129412, 0.211765, 0.0, 0.109804, 0.129412, 0.211765, 0.0],
            [0.113725, 0.133333, 0.211765, 0.0, 0.113725, 0.133333, 0.211765, 0.0],
            [0.113725, 0.133333, 0.211765, 0.0, 0.113725, 0.133333, 0.211765, 0.0],
            [0.113725, 0.133333, 0.211765, 0.0, 0.113725, 0.133333, 0.211765, 0.0]
        ],
        "scale": [3500.0, 3500.0, 3500.0],
        "gradientlevelupper": 2,
        "gradientlevellower": 2,
        "cloudscale": [200000.0, 200000.0],
        "cloudheight": 30000.0,
        "cloudtexturescale": [4.0, 4.0],
        "cloudspeed": [0.004, 0.004],
        "cloudtexturefilename": "",
        "cloudcolor": [0.0, 0.0, 0.0, 0.0, 0.0, 0.0, 0.0, 0.0]
    },
    "lensflare": {
        "enable": true,
        "brightnesscolor": [1.0, 0.886275, 0.886275, 1.0],
        "maxbrightness": 0.74,
        "mainflareenable": true,
        "mainflaretexturefilename": "D:/Ymir Work/environment/sunflare.dds",
        "mainflaresize": 0.35
    }
}