{
    "reserved": false,
    "directionallight": {
        "direction": [0.350156, 0.562609, -0.748907],
        "background": {
            "enable": true,
            "diffuse": [0.411765, 0.364706, 0.337255, 1.0],
            "ambient": [0.0, 0.0, 0.0, 1.0]
        },
        "character": {
            "enable": true,
            "diffuse": [0.411765, 0.364706, 0.337255, 1.0],
            "ambient": [0.15, 0.15, 0.15, 1.0]
        }
    },
    "material": {
        "diffuse": [1.0, 1.0, 1.0, 1.0],
        "ambient": [0.411765, 0.329412, 0.27451, 1.0],
        "emissive": [0.211765, 0.2, 0.184314, 1.0]
    },
    "fog": {
        "foglevel": 9,
        "color": [0.152941, 0.145098, 0.133333, 1.0]
    },
    "filter": {
        "enable": false,
        "color": [0.556863, 0.329412, 0.329412, 0.0],
        "alphasrc": 1,
        "alphadest": 2
    },
    "skybox": {
        "gradient": [
            [0.054902, 0.031373, 0.027451, 0.0, 0.117647, 0.07451, 0.062745, 0.0],
            [0.117647, 0.07451, 0.062745, 0.0, 0.184314, 0.117647, 0.094118, 0.0],
            [0.184314, 0.117647, 0.094118, 0.0, 0.211765, 0.184314, 0.168627, 0.0],
            [0.211765, 0.184314, 0.168627, 0.0, 0.592157, 0.556863, 0.529412, 0.0],
            [1.0, 1.0, 1.0, 0.0, 1.0, 0.835294, 0.415686, 0.0]
        ],
        "btexturerendermode": false,
        "scale": [3500.0, 3500.0, 3500.0],
        "gradientlevelupper": 4,
        "gradientlevellower": 1,
        "frontfacefilename": "",
        "backfacefilename": "",
        "leftfacefilename": "",
        "rightfacefilename": "",
        "topfacefilename": "",
        "bottomfacefilename": "",
        "cloudscale": [200000.0, 200000.0],
        "cloudheight": 30000.0,
        "cloudtexturescale": [4.0, 4.0],
        "cloudspeed": [0.003, 0.003],
        "cloudtexturefilename": "D:/YMIR WORK/environment/clouds_zone02.TGA",
        "cloudcolor": [0.0, 0.0, 0.0, 0.0, 0.0, 0.0, 0.0, 0.0]
    },
    "lensflare": {
        "enable": true,
        "brightnesscolor": [1.0, 0.886275, 0.886275, 1.0],
        "maxbrightness": 0.74,
        "mainflareenable": true,
        "mainflaretexturefilename": "D:/YMIR WORK/environment/clouds_zone01.tga",
        "mainflaresize": 0.34
    }
}