{
    "reserved": false,
    "directionallight": {
        "direction": [0.350156, 0.562609, -0.748907],
        "background": {
            "enable": true,
            "diffuse": [0.639216, 0.619608, 0.619608, 1.0],
            "ambient": [0.086275, 0.086275, 0.086275, 1.0]
        },
        "character": {
            "enable": true,
            "diffuse": [0.639216, 0.619608, 0.619608, 1.0],
            "ambient": [0.236275, 0.236275, 0.236275, 1.0]
        }
    },
    "material": {
        "diffuse": [0.705882, 0.854902, 0.776471, 1.0],
        "ambient": [0.580392, 0.486275, 0.396078, 1.0],
        "emissive": [0.321569, 0.309804, 0.309804, 1.0]
    },
    "fog": {
        "foglevel": 5,
        "color": [0.086275, 0.101961, 0.164706, 1.0]
    },
    "filter": {
        "enable": false,
        "color": [0.494118, 0.458824, 0.364706, 0.0],
        "alphasrc": 1,
        "alphadest": 2
    },
    "skybox": {
        "gradient": [
            [0.109804, 0.129412, 0.211765, 0.0, 0.086275, 0.101961, 0.164706, 0.0],
            [0.086275, 0.101961, 0.164706, 0.0, 0.086275, 0.101961, 0.164706, 0.0],
            [0.086275, 0.101961, 0.164706, 0.0, 0.086275, 0.101961, 0.164706, 0.0],
            [0.113725, 0.133333, 0.211765, 0.0, 0.113725, 0.133333, 0.211765, 0.0]
        ],
        "scale": [3500.0, 3500.0, 3500.0],
        "gradientlevelupper": 2,
        "gradientlevellower": 2,
        "cloudscale": [200000.0, 200000.0],
        "cloudheight": 30000.0,
        "cloudtexturescale": [4.0, 4.0],
        "cloudspeed": [0.004, 0.004],
        "cloudtexturefilename": "",
        "cloudcolor": [0.0, 0.0, 0.0, 0.0, 0.0, 0.0, 0.0, 0.0]
    },
    "lensflare": {
        "enable": true,
        "brightnesscolor": [1.0, 0.886275, 0.886275, 1.0],
        "maxbrightness": 0.74,
        "mainflareenable": true,
        "mainflaretexturefilename": "D:/Ymir Work/environment/sunflare.dds",
        "mainflaresize": 0.35
    }
}