{
    "reserved": false,
    "directionallight": {
        "direction": [0.608932, 0.487148, -0.62601],
        "background": {
            "enable": true,
            "diffuse": [1.0, 1.0, 1.0, 1.0],
            "ambient": [0.215686, 0.219608, 0.243137, 1.0]
        },
        "character": {
            "enable": true,
            "diffuse": [1.0, 1.0, 1.0, 1.0],
            "ambient": [0.365686, 0.369608, 0.393137, 1.0]
        }
    },
    "material": {
        "diffuse": [1.0, 0.984314, 0.984314, 1.0],
        "ambient": [0.647059, 0.658824, 0.784314, 1.0],
        "emissive": [0.215686, 0.219608, 0.243137, 1.0]
    },
    "fog": {
        "foglevel": 3,
        "color": [0.717647, 0.729412, 0.858824, 1.0]
    },
    "filter": {
        "enable": false,
        "color": [0.203922, 0.086275, 0.086275, 0.0],
        "alphasrc": 1,
        "alphadest": 2
    },
    "skybox": {
        "gradient": [
            [0.094118, 0.003922, 0.227451, 0.0, 0.176471, 0.031373, 0.384314, 0.0],
            [0.180392, 0.035294, 0.388235, 0.0, 0.207843, 0.086275, 0.388235, 0.0],
            [0.203922, 0.086275, 0.384314, 0.0, 0.329412, 0.34902, 0.584314, 0.0],
            [0.329412, 0.34902, 0.584314, 0.0, 0.596078, 0.611765, 0.811765, 0.0],
            [0.592157, 0.611765, 0.811765, 0.0, 0.803922, 0.811765, 0.921569, 0.0],
            [0.803922, 0.811765, 0.921569, 0.0, 1.0, 1.0, 1.0, 0.0]
        ],
        "btexturerendermode": false,
        "scale": [3500.0, 3500.0, 3500.0],
        "gradientlevelupper": 5,
        "gradientlevellower": 1,
        "frontfacefilename": "",
        "backfacefilename": "",
        "leftfacefilename": "",
        "rightfacefilename": "",
        "topfacefilename": "",
        "bottomfacefilename": "",
        "cloudscale": [200000.0, 200000.0],
        "cloudheight": 30000.0,
        "cloudtexturescale": [5.0, 5.0],
        "cloudspeed": [0.01, 0.01],
        "cloudtexturefilename": "d:/ymir work/environment/clouds_zone01.tga",
        "cloudcolor": [0.0, 0.0, 0.0, 0.0, 0.0, 0.0, 0.0, 0.0]
    },
    "lensflare": {
        "enable": true,
        "brightnesscolor": [1.0, 0.886275, 0.886275, 1.0],
        "maxbrightness": 0.74,
        "mainflareenable": true,
        "mainflaretexturefilename": "D:/Ymir Work/environment/sunflare.dds",
        "mainflaresize": 0.35
    }
}