{
    "reserved": false,
    "directionallight": {
        "direction": [0.37428, -0.76174, -0.528836],
        "background": {
            "enable": true,
            "diffuse": [0.698039, 0.490196, 0.380392, 1.0],
            "ambient": [0.341176, 0.388235, 0.572549, 1.0]
        },
        "character": {
            "enable": true,
            "diffuse": [0.698039, 0.490196, 0.380392, 1.0],
            "ambient": [0.491176, 0.538235, 0.722549, 1.0]
        }
    },
    "material": {
        "diffuse": [0.956863, 0.870588, 0.847059, 1.0],
        "ambient": [0.341176, 0.47451, 0.298039, 1.0],
        "emissive": [0.341176, 0.176471, 0.066667, 1.0]
    },
    "fog": {
        "foglevel": 5,
        "color": [0.501961, 0.282353, 0.137255, 1.0]
    },
    "filter": {
        "enable": false,
        "color": [0.556863, 0.329412, 0.329412, 0.0],
        "alphasrc": 1,
        "alphadest": 2
    },
    "skybox": {
        "gradient": [
            [0.501961, 0.282353, 0.137255, 0.0, 0.501961, 0.282353, 0.137255, 0.0],
            [0.505882, 0.282353, 0.137255, 0.0, 0.505882, 0.282353, 0.137255, 0.0]
        ],
        "btexturerendermode": false,
        "scale": [3500.0, 3500.0, 3500.0],
        "gradientlevelupper": 1,
        "gradientlevellower": 1,
        "frontfacefilename": "",
        "backfacefilename": "",
        "leftfacefilename": "",
        "rightfacefilename": "",
        "topfacefilename": "",
        "bottomfacefilename": "",
        "cloudscale": [200000.0, 200000.0],
        "cloudheight": 30000.0,
        "cloudtexturescale": [4.0, 4.0],
        "cloudspeed": [0.004, 0.004],
        "cloudtexturefilename": "",
        "cloudcolor": [0.0, 0.0, 0.0, 0.0, 0.0, 0.0, 0.0, 0.0]
    },
    "lensflare": {
        "enable": true,
        "brightnesscolor": [1.0, 0.886275, 0.886275, 1.0],
        "maxbrightness": 0.74,
        "mainflareenable": true,
        "mainflaretexturefilename": "D:/Ymir Work/environment/sunflare.dds",
        "mainflaresize": 0.35
    }
}