{
    "reserved": false,
    "directionallight": {
        "direction": [0.786209, 0.293521, -0.543802],
        "background": {
            "enable": true,
            "diffuse": [1.0, 1.0, 1.0, 1.0],
            "ambient": [0.0, 0.0, 0.0, 1.0]
        },
        "character": {
            "enable": true,
            "diffuse": [1.0, 1.0, 1.0, 1.0],
            "ambient": [0.15, 0.15, 0.15, 1.0]
        }
    },
    "material": {
        "diffuse": [1.0, 1.0, 1.0, 1.0],
        "ambient": [0.713726, 0.631373, 0.431373, 1.0],
        "emissive": [0.521569, 0.521569, 0.521569, 1.0]
    },
    "fog": {
        "foglevel": 8,
        "color": [0.568627, 0.709804, 0.901961, 1.0]
    },
    "filter": {
        "enable": false,
        "color": [0.556863, 0.329412, 0.329412, 0.0],
        "alphasrc": 1,
        "alphadest": 2
    },
    "skybox": {
        "gradient": [
            [0.364706, 0.482353, 0.87451, 0.0, 0.364706, 0.482353, 0.87451, 0.0],
            [0.364706, 0.482353, 0.87451, 0.0, 0.047059, 0.639216, 0.729412, 0.0],
            [0.047059, 0.639216, 0.729412, 0.0, 0.568627, 0.776471, 0.901961, 0.0],
            [0.568627, 0.776471, 0.901961, 0.0, 0.568627, 0.709804, 0.901961, 0.0],
            [0.568627, 0.709804, 0.901961, 0.0, 0.568627, 0.709804, 0.901961, 0.0]
        ],
        "btexturerendermode": false,
        "scale": [3500.0, 3500.0, 3500.0],
        "gradientlevelupper": 4,
        "gradientlevellower": 1,
        "frontfacefilename": "D:/ymir work/environment/skybox/snow_dragon-f.DDS",
        "backfacefilename": "D:/ymir work/environment/skybox/snow_dragon-b.dds",
        "leftfacefilename": "D:/ymir work/environment/skybox/snow_dragon-l.dds",
        "rightfacefilename": "D:/ymir work/environment/skybox/snow_dragon-r.DDS",
        "topfacefilename": "D:/ymir work/environment/skybox/snow_dragon-t.DDS",
        "bottomfacefilename": "",
        "cloudscale": [200000.0, 200000.0],
        "cloudheight": 30000.0,
        "cloudtexturescale": [4.0, 4.0],
        "cloudspeed": [0.004, 0.004],
        "cloudtexturefilename": "d:/ymir work/environment/clouds_zone01.tga",
        "cloudcolor": [0.0, 0.0, 0.0, 0.0, 0.0, 0.0, 0.0, 0.0]
    },
    "lensflare": {
        "enable": true,
        "brightnesscolor": [1.0, 0.886275, 0.886275, 1.0],
        "maxbrightness": 0.74,
        "mainflareenable": true,
        "mainflaretexturefilename": "D:/Ymir Work/environment/sunflare.dds",
        "mainflaresize": 0.35
    }
}