{
    "reserved": false,
    "directionallight": {
        "direction": [0.434414, 0.482486, -0.760587],
        "background": {
            "enable": true,
            "diffuse": [0.854902, 0.87451, 0.886275, 1.0],
            "ambient": [0.376471, 0.392157, 0.403922, 1.0]
        },
        "character": {
            "enable": true,
            "diffuse": [0.854902, 0.87451, 0.886275, 1.0],
            "ambient": [0.526471, 0.542157, 0.553922, 1.0]
        }
    },
    "material": {
        "diffuse": [0.866667, 0.901961, 0.901961, 1.0],
        "ambient": [0.607843, 0.682353, 0.737255, 1.0],
        "emissive": [0.231373, 0.231373, 0.258824, 1.0]
    },
    "fog": {
        "foglevel": 7,
        "color": [0.411765, 0.631373, 0.792157, 1.0]
    },
    "filter": {
        "enable": false,
        "color": [0.556863, 0.329412, 0.329412, 0.0],
        "alphasrc": 1,
        "alphadest": 2
    },
    "skybox": {
        "gradient": [
            [0.094118, 0.286275, 0.658824, 0.0, 0.231373, 0.403922, 0.729412, 0.0],
            [0.231373, 0.403922, 0.729412, 0.0, 0.376471, 0.498039, 0.729412, 0.0],
            [0.376471, 0.498039, 0.729412, 0.0, 0.568627, 0.678431, 0.882353, 0.0],
            [0.568627, 0.678431, 0.882353, 0.0, 0.85098, 0.901961, 1.0, 0.0],
            [0.85098, 0.901961, 1.0, 0.0, 0.533333, 0.564706, 0.623529, 0.0]
        ],
        "btexturerendermode": true,
        "scale": [3500.0, 3500.0, 3500.0],
        "gradientlevelupper": 4,
        "gradientlevellower": 1,
        "frontfacefilename": "D:/ymir work/environment/skybox/CapeDragonHead_f.dds",
        "backfacefilename": "D:/ymir work/environment/skybox/CapeDragonHead_b.dds",
        "leftfacefilename": "D:/ymir work/environment/skybox/CapeDragonHead_l.dds",
        "rightfacefilename": "D:/ymir work/environment/skybox/CapeDragonHead_r.dds",
        "topfacefilename": "D:/ymir work/environment/skybox/CapeDragonHead_t.dds",
        "bottomfacefilename": "",
        "cloudscale": [200000.0, 200000.0],
        "cloudheight": 30000.0,
        "cloudtexturescale": [4.0, 4.0],
        "cloudspeed": [0.004, 0.004],
        "cloudtexturefilename": "",
        "cloudcolor": [0.0, 0.0, 0.0, 0.0, 0.0, 0.0, 0.0, 0.0]
    },
    "lensflare": {
        "enable": true,
        "brightnesscolor": [1.0, 0.886275, 0.886275, 1.0],
        "maxbrightness": 0.74,
        "mainflareenable": true,
        "mainflaretexturefilename": "D:/Ymir Work/environment/sunflare.dds",
        "mainflaresize": 0.35
    }
}