{
    "reserved": false,
    "directionallight": {
        "direction": [0.596551, 0.28178, -0.751483],
        "background": {
            "enable": true,
            "diffuse": [0.831373, 0.788235, 0.709804, 1.0],
            "ambient": [0.537255, 0.509804, 0.478431, 1.0]
        },
        "character": {
            "enable": true,
            "diffuse": [0.831373, 0.788235, 0.709804, 1.0],
            "ambient": [0.687255, 0.659804, 0.628431, 1.0]
        }
    },
    "material": {
        "diffuse": [1.0, 1.0, 1.0, 1.0],
        "ambient": [0.356863, 0.313726, 0.313726, 1.0],
        "emissive": [0.082353, 0.07451, 0.066667, 1.0]
    },
    "fog": {
        "foglevel": 3,
        "color": [0.67451, 0.682353, 0.67451, 1.0]
    },
    "filter": {
        "enable": false,
        "color": [0.309804, 0.211765, 0.211765, 0.0],
        "alphasrc": 1,
        "alphadest": 2
    },
    "skybox": {
        "gradient": [
            [0.039216, 0.0, 0.019608, 0.0, 0.082353, 0.019608, 0.121569, 0.0],
            [0.082353, 0.023529, 0.12549, 0.0, 0.160784, 0.098039, 0.309804, 0.0],
            [0.160784, 0.098039, 0.309804, 0.0, 0.031373, 0.270588, 0.509804, 0.0],
            [0.031373, 0.270588, 0.509804, 0.0, 0.568627, 0.615686, 0.662745, 0.0],
            [0.568627, 0.615686, 0.662745, 0.0, 0.678431, 0.682353, 0.67451, 0.0],
            [0.678431, 0.682353, 0.67451, 0.0, 0.678431, 0.682353, 0.67451, 0.0]
        ],
        "btexturerendermode": false,
        "scale": [3500.0, 3500.0, 3500.0],
        "gradientlevelupper": 5,
        "gradientlevellower": 1,
        "frontfacefilename": "",
        "backfacefilename": "",
        "leftfacefilename": "",
        "rightfacefilename": "",
        "topfacefilename": "",
        "bottomfacefilename": "",
        "cloudscale": [200000.0, 200000.0],
        "cloudheight": 30000.0,
        "cloudtexturescale": [5.0, 5.0],
        "cloudspeed": [0.01, 0.01],
        "cloudtexturefilename": "d:/ymir work/environment/clouds_zone01.tga",
        "cloudcolor": [0.0, 0.0, 0.0, 0.0, 0.0, 0.0, 0.0, 0.0]
    },
    "lensflare": {
        "enable": true,
        "brightnesscolor": [1.0, 0.886275, 0.886275, 1.0],
        "maxbrightness": 0.74,
        "mainflareenable": true,
        "mainflaretexturefilename": "D:/YMIR WORK/environment/clouds_zone02.TGA",
        "mainflaresize": 0.35
    }
}