{
    "reserved": false,
    "directionallight": {
        "direction": [0.596551, 0.28178, -0.751483],
        "background": {
            "enable": true,
            "diffuse": [0.627451, 0.831373, 0.984314, 1.0],
            "ambient": [0.34902, 0.494118, 0.592157, 1.0]
        },
        "character": {
            "enable": true,
            "diffuse": [0.627451, 0.831373, 0.984314, 1.0],
            "ambient": [0.49902, 0.644118, 0.742157, 1.0]
        }
    },
    "material": {
        "diffuse": [0.709804, 0.929412, 1.0, 1.0],
        "ambient": [0.458824, 0.564706, 0.701961, 1.0],
        "emissive": [0.321569, 0.337255, 0.384314, 1.0]
    },
    "fog": {
        "foglevel": 7,
        "color": [0.101961, 0.776471, 0.941176, 1.0]
    },
    "filter": {
        "enable": false,
        "color": [0.086275, 0.164706, 0.266667, 0.0],
        "alphasrc": 1,
        "alphadest": 2
    },
    "skybox": {
        "gradient": [
            [0.286275, 0.34902, 0.513726, 0.0, 0.286275, 0.34902, 0.513726, 0.0],
            [0.0, 0.0, 0.0, 0.0, 0.0, 0.0, 0.0, 0.0]
        ],
        "scale": [3500.0, 3500.0, 3500.0],
        "gradientlevelupper": 1,
        "gradientlevellower": 1,
        "cloudscale": [280000.0, 280000.0],
        "cloudheight": 30000.0,
        "cloudtexturescale": [5.0, 5.0],
        "cloudspeed": [0.01, 0.01],
        "cloudtexturefilename": "",
        "cloudcolor": [0.0, 0.0, 0.0, 0.0, 0.0, 0.0, 0.0, 0.0]
    },
    "lensflare": {
        "enable": true,
        "brightnesscolor": [1.0, 0.886275, 0.886275, 1.0],
        "maxbrightness": 0.74,
        "mainflareenable": false,
        "mainflaretexturefilename": "D:/ymir work/environment/clouds_zone05.tga",
        "mainflaresize": 0.35
    }
}