{
    "reserved": false,
    "directionallight": {
        "direction": [0.33981, 0.092631, -0.935921],
        "background": {
            "enable": true,
            "diffuse": [0.031373, 0.247059, 0.05098, 1.0],
            "ambient": [0.0, 0.0, 0.0, 1.0]
        },
        "character": {
            "enable": true,
            "diffuse": [0.031373, 0.247059, 0.05098, 1.0],
            "ambient": [0.15, 0.15, 0.15, 1.0]
        }
    },
    "material": {
        "diffuse": [0.694118, 0.694118, 0.694118, 1.0],
        "ambient": [0.882353, 0.854902, 0.784314, 1.0],
        "emissive": [0.545098, 0.376471, 0.239216, 1.0]
    },
    "fog": {
        "color": [0.0, 0.0, 0.0, 1.0]
    },
    "filter": {
        "enable": false,
        "color": [0.556863, 0.329412, 0.329412, 0.0],
        "alphasrc": 1,
        "alphadest": 2
    },
    "skybox": {
        "gradient": [
            [0.0, 0.0, 0.0, 0.0, 0.0, 0.0, 0.0, 0.0],
            [0.0, 0.0, 0.0, 0.0, 0.0, 0.0, 0.0, 0.0]
        ],
        "scale": [3500.0, 3500.0, 3500.0],
        "gradientlevelupper": 1,
        "gradientlevellower": 1,
        "cloudscale": [200000.0, 200000.0],
        "cloudheight": 30000.0,
        "cloudtexturescale": [4.0, 4.0],
        "cloudspeed": [0.004, 0.004],
        "cloudtexturefilename": "",
        "cloudcolor": [0.0, 0.0, 0.0, 0.0, 0.0, 0.0, 0.0, 0.0]
    },
    "lensflare": {
        "enable": true,
        "brightnesscolor": [1.0, 0.886275, 0.886275, 1.0],
        "maxbrightness": 0.74,
        "mainflareenable": true,
        "mainflaretexturefilename": "D:/Ymir Work/environment/sunflare.dds",
        "mainflaresize": 0.35
    }
}