{
    "reserved": false,
    "directionallight": {
        "direction": [-0.429878, 0.857227, -0.28349],
        "background": {
            "enable": true,
            "diffuse": [0.952941, 0.992157, 0.0, 1.0],
            "ambient": [0.356863, 0.364706, 0.203922, 1.0]
        },
        "character": {
            "enable": true,
            "diffuse": [0.952941, 0.992157, 0.0, 1.0],
            "ambient": [0.506863, 0.514706, 0.353922, 1.0]
        }
    },
    "material": {
        "diffuse": [0.976471, 0.74902, 0.07451, 1.0],
        "ambient": [0.447059, 0.407843, 0.266667, 1.0],
        "emissive": [0.32549, 0.32549, 0.32549, 1.0]
    },
    "fog": {
        "foglevel": 2,
        "color": [0.592157, 0.352941, 0.164706, 1.0]
    },
    "filter": {
        "enable": false,
        "color": [0.494118, 0.368627, 0.278431, 0.0],
        "alphasrc": 1,
        "alphadest": 2
    },
    "skybox": {
        "gradient": [
            [0.694118, 0.458824, 0.121569, 0.0, 0.792157, 0.486275, 0.137255, 0.0],
            [0.792157, 0.482353, 0.223529, 0.0, 0.686275, 0.509804, 0.258824, 0.0],
            [0.729412, 0.545098, 0.376471, 0.0, 0.882353, 0.717647, 0.564706, 0.0],
            [0.882353, 0.776471, 0.564706, 0.0, 0.988235, 0.686275, 0.14902, 0.0],
            [0.988235, 0.647059, 0.298039, 0.0, 0.796078, 0.67451, 0.317647, 0.0]
        ],
        "btexturerendermode": true,
        "scale": [3500.0, 3500.0, 3500.0],
        "gradientlevelupper": 4,
        "gradientlevellower": 1,
        "frontfacefilename": "D:/ymir work/environment/skybox/Thunder_f.dds",
        "backfacefilename": "D:/ymir work/environment/skybox/Thunder_b.dds",
        "leftfacefilename": "D:/ymir work/environment/skybox/Thunder_l.dds",
        "rightfacefilename": "D:/ymir work/environment/skybox/Thunder_r.dds",
        "topfacefilename": "D:/ymir work/environment/skybox/Thunder_t.dds",
        "bottomfacefilename": "",
        "cloudscale": [200000.0, 200000.0],
        "cloudheight": 30000.0,
        "cloudtexturescale": [4.0, 4.0],
        "cloudspeed": [0.004, 0.004],
        "cloudtexturefilename": "",
        "cloudcolor": [0.0, 0.0, 0.0, 0.0, 0.0, 0.0, 0.0, 0.0]
    },
    "lensflare": {
        "enable": true,
        "brightnesscolor": [1.0, 0.886275, 0.886275, 1.0],
        "maxbrightness": 0.74,
        "mainflareenable": true,
        "mainflaretexturefilename": "D:/Ymir Work/environment/sunflare.dds",
        "mainflaresize": 0.35
    }
}