{
    "reserved": false,
    "directionallight": {
        "direction": [0.596551, 0.28178, -0.751483],
        "background": {
            "enable": true,
            "diffuse": [0.639216, 0.580392, 0.580392, 1.0],
            "ambient": [0.447059, 0.32549, 0.32549, 1.0]
        },
        "character": {
            "enable": true,
            "diffuse": [0.639216, 0.580392, 0.580392, 1.0],
            "ambient": [0.597059, 0.47549, 0.47549, 1.0]
        }
    },
    "material": {
        "diffuse": [1.0, 0.984314, 0.984314, 1.0],
        "ambient": [0.443137, 0.372549, 0.25098, 1.0],
        "emissive": [0.254902, 0.235294, 0.235294, 1.0]
    },
    "fog": {
        "foglevel": 8,
        "color": [0.411765, 0.34902, 0.305882, 1.0]
    },
    "filter": {
        "enable": false,
        "color": [0.164706, 0.058824, 0.058824, 0.0],
        "alphasrc": 1,
        "alphadest": 2
    },
    "skybox": {
        "gradient": [
            [0.047059, 0.019608, 0.019608, 0.0, 0.086275, 0.047059, 0.047059, 0.0],
            [0.090196, 0.047059, 0.047059, 0.0, 0.145098, 0.070588, 0.070588, 0.0],
            [0.145098, 0.070588, 0.070588, 0.0, 0.180392, 0.039216, 0.039216, 0.0],
            [0.176471, 0.039216, 0.039216, 0.0, 0.345098, 0.235294, 0.235294, 0.0],
            [0.345098, 0.235294, 0.235294, 0.0, 0.411765, 0.34902, 0.305882, 0.0],
            [0.411765, 0.34902, 0.305882, 0.0, 0.176471, 0.066667, 0.058824, 0.0]
        ],
        "scale": [3500.0, 3500.0, 3500.0],
        "gradientlevelupper": 5,
        "gradientlevellower": 1,
        "cloudscale": [200000.0, 200000.0],
        "cloudheight": 30000.0,
        "cloudtexturescale": [5.0, 5.0],
        "cloudspeed": [0.01, 0.01],
        "cloudtexturefilename": "d:/ymir work/environment/clouds_zone01.tga",
        "cloudcolor": [0.0, 0.0, 0.0, 0.0, 0.0, 0.0, 0.0, 0.0]
    },
    "lensflare": {
        "enable": true,
        "brightnesscolor": [1.0, 0.886275, 0.886275, 1.0],
        "maxbrightness": 0.74,
        "mainflareenable": true,
        "mainflaretexturefilename": "D:/Ymir Work/environment/sunflare.dds",
        "mainflaresize": 0.35
    }
}