{
    "reserved": false,
    "directionallight": {
        "direction": [0.596551, 0.28178, -0.751483],
        "background": {
            "enable": true,
            "diffuse": [0.835294, 0.898039, 0.87451, 1.0],
            "ambient": [0.207843, 0.203922, 0.282353, 1.0]
        },
        "character": {
            "enable": true,
            "diffuse": [0.835294, 0.898039, 0.87451, 1.0],
            "ambient": [0.357843, 0.353922, 0.432353, 1.0]
        }
    },
    "material": {
        "diffuse": [1.0, 0.984314, 0.984314, 1.0],
        "ambient": [1.0, 1.0, 1.0, 1.0],
        "emissive": [0.05098, 0.047059, 0.054902, 1.0]
    },
    "fog": {
        "foglevel": 8,
        "color": [0.396078, 0.364706, 0.321569, 1.0]
    },
    "filter": {
        "enable": false,
        "color": [0.309804, 0.211765, 0.211765, 0.0],
        "alphasrc": 1,
        "alphadest": 2
    },
    "skybox": {
        "gradient": [
            [0.184314, 0.058824, 0.019608, 0.0, 0.266667, 0.094118, 0.047059, 0.0],
            [0.270588, 0.098039, 0.047059, 0.0, 0.360784, 0.14902, 0.086275, 0.0],
            [0.356863, 0.14902, 0.086275, 0.0, 0.431373, 0.258824, 0.215686, 0.0],
            [0.431373, 0.258824, 0.215686, 0.0, 0.541176, 0.439216, 0.309804, 0.0],
            [0.541176, 0.439216, 0.309804, 0.0, 0.843137, 0.788235, 0.717647, 0.0],
            [0.843137, 0.788235, 0.717647, 0.0, 0.67451, 0.592157, 0.486275, 0.0]
        ],
        "btexturerendermode": false,
        "scale": [3500.0, 3500.0, 3500.0],
        "gradientlevelupper": 5,
        "gradientlevellower": 1,
        "frontfacefilename": "",
        "backfacefilename": "",
        "leftfacefilename": "",
        "rightfacefilename": "",
        "topfacefilename": "",
        "bottomfacefilename": "",
        "cloudscale": [50000.0, 50000.0],
        "cloudheight": 1000.0,
        "cloudtexturescale": [14.0, 14.0],
        "cloudspeed": [0.006, 0.006],
        "cloudtexturefilename": "D:/Ymir Work/environment/clouds_zone01.tga",
        "cloudcolor": [0.737255, 0.184314, 0.584314, 0.0, 0.098039, 0.011765, 0.109804, 0.0]
    },
    "lensflare": {
        "enable": true,
        "brightnesscolor": [1.0, 0.886275, 0.886275, 1.0],
        "maxbrightness": 0.74,
        "mainflareenable": true,
        "mainflaretexturefilename": "D:/YMIR WORK/environment/clouds_zone02.TGA",
        "mainflaresize": 0.36
    }
}