{
    "reserved": false,
    "directionallight": {
        "direction": [0.590855, 0.453329, -0.66737],
        "background": {
            "enable": true,
            "diffuse": [0.560784, 0.27451, 0.380392, 1.0],
            "ambient": [0.890196, 0.494118, 0.494118, 1.0]
        },
        "character": {
            "enable": true,
            "diffuse": [0.560784, 0.27451, 0.380392, 1.0],
            "ambient": [1.040196, 0.644118, 0.644118, 1.0]
        }
    },
    "material": {
        "diffuse": [0.682353, 0.529412, 0.866667, 1.0],
        "ambient": [0.407843, 0.568627, 0.321569, 1.0],
        "emissive": [0.67451, 0.556863, 0.556863, 1.0]
    },
    "fog": {
        "foglevel": 8,
        "color": [0.12549, 0.054902, 0.054902, 1.0]
    },
    "filter": {
        "enable": false,
        "color": [0.294118, 0.094118, 0.094118, 0.0],
        "alphasrc": 2,
        "alphadest": 2
    },
    "skybox": {
        "gradient": [
            [0.784314, 0.505882, 0.564706, 0.0, 0.32549, 0.231373, 0.082353, 0.0],
            [0.32549, 0.231373, 0.082353, 0.0, 1.0, 1.0, 1.0, 0.0]
        ],
        "scale": [3500.0, 3500.0, 3500.0],
        "gradientlevelupper": 1,
        "gradientlevellower": 1,
        "cloudscale": [200000.0, 200000.0],
        "cloudheight": 30000.0,
        "cloudtexturescale": [4.0, 4.0],
        "cloudspeed": [0.001, 0.001],
        "cloudtexturefilename": "D:/Ymir Work/environment/clouds_zone05.tga",
        "cloudcolor": [0.0, 0.0, 0.0, 0.0, 0.0, 0.0, 0.0, 0.0]
    },
    "lensflare": {
        "enable": true,
        "brightnesscolor": [0.976471, 0.976471, 0.976471, 1.0],
        "maxbrightness": 1.0,
        "mainflareenable": false,
        "mainflaretexturefilename": "",
        "mainflaresize": 0.2
    }
}