{
    "reserved": false,
    "directionallight": {
        "direction": [0.411789, 0.910903, 0.026193],
        "background": {
            "enable": true,
            "diffuse": [1.0, 1.0, 1.0, 1.0],
            "ambient": [0.247059, 0.313726, 0.309804, 1.0]
        },
        "character": {
            "enable": true,
            "diffuse": [1.0, 1.0, 1.0, 1.0],
            "ambient": [0.397059, 0.463726, 0.459804, 1.0]
        }
    },
    "material": {
        "diffuse": [1.0, 1.0, 1.0, 1.0],
        "ambient": [0.494118, 0.447059, 0.313726, 1.0],
        "emissive": [0.2, 0.2, 0.2, 1.0]
    },
    "fog": {
        "foglevel": 8,
        "color": [0.145098, 0.058824, 0.062745, 1.0]
    },
    "filter": {
        "enable": false,
        "color": [0.301961, 0.109804, 0.109804, 0.0],
        "alphasrc": 2,
        "alphadest": 2
    },
    "skybox": {
        "gradient": [
            [0.0, 0.07451, 0.14902, 0.0, 0.184314, 0.082353, 0.0, 0.0],
            [0.164706, 0.082353, 0.0, 0.0, 1.0, 0.0, 0.0, 0.0]
        ],
        "scale": [3500.0, 3500.0, 3500.0],
        "gradientlevelupper": 1,
        "gradientlevellower": 1,
        "cloudscale": [200000.0, 200000.0],
        "cloudheight": 4500.0,
        "cloudtexturescale": [6.0, 6.0],
        "cloudspeed": [0.001, 0.001],
        "cloudtexturefilename": "D:/YMIR WORK/environment/clouds_zone05.tga",
        "cloudcolor": [0.0, 0.0, 0.0, 0.0, 0.0, 0.0, 0.0, 0.0]
    },
    "lensflare": {
        "enable": true,
        "brightnesscolor": [0.976471, 0.976471, 0.976471, 1.0],
        "maxbrightness": 1.0,
        "mainflareenable": false,
        "mainflaretexturefilename": "",
        "mainflaresize": 0.2
    }
}